1_neg_1	1_neg_0
1_neg_2	1_neg_1
1_neg_3	1_neg_2
1_neg_4	1_neg_3
1_neg_5	1_neg_4
1_neg_6	1_neg_5
1_neg_7	1_neg_6
1_neg_8	1_neg_7
1_neg_9	1_neg_8
1_neg_10	1_neg_9
1_neg_11	1_neg_10
1_neg_12	1_neg_11
1_neg_13	1_neg_12
1_neg_14	1_neg_13
1_neg_15	1_neg_14
1_neg_16	1_neg_15
1_neg_17	1_neg_16
1_neg_18	1_neg_17
1_neg_19	1_neg_18
1_neg_20	1_neg_19
1_neg_21	1_neg_20
1_neg_22	1_neg_21
1_neg_23	1_neg_22
1_neg_24	1_neg_23
1_neg_25	1_neg_24
1_neg_26	1_neg_25
1_neg_27	1_neg_26
1_neg_28	1_neg_27
1_neg_29	1_neg_28
1_neg_30	1_neg_29
1_neg_31	1_neg_30
1_neg_32	1_neg_31
1_neg_33	1_neg_32
1_neg_34	1_neg_33
1_neg_35	1_neg_34
1_neg_36	1_neg_35
1_neg_37	1_neg_36
1_neg_38	1_neg_37
1_neg_39	1_neg_38
1_neg_40	1_neg_39
1_neg_41	1_neg_40
1_neg_42	1_neg_41
1_neg_43	1_neg_42
1_neg_44	1_neg_43
1_neg_45	1_neg_44
1_neg_46	1_neg_45
1_neg_47	1_neg_46
1_neg_48	1_neg_47
1_neg_49	1_neg_48
1_neg_50	1_neg_49
1_neg_51	1_neg_50
1_neg_52	1_neg_51
1_neg_53	1_neg_52
1_neg_54	1_neg_53
1_neg_55	1_neg_54
1_neg_56	1_neg_55
2_pos_1	2_pos_0
2_pos_2	2_pos_1
2_pos_3	2_pos_2
2_pos_4	2_pos_3
2_pos_5	2_pos_4
2_pos_6	2_pos_5
2_pos_7	2_pos_6
2_pos_8	2_pos_7
2_pos_9	2_pos_8
2_pos_10	2_pos_9
2_pos_11	2_pos_10
2_pos_12	2_pos_11
2_pos_13	2_pos_12
2_pos_14	2_pos_13
2_pos_15	2_pos_14
2_pos_16	2_pos_15
2_pos_17	2_pos_16
2_pos_18	2_pos_17
2_pos_19	2_pos_18
2_pos_20	2_pos_19
2_pos_21	2_pos_20
2_pos_22	2_pos_21
2_pos_23	2_pos_22
2_pos_24	2_pos_23
2_pos_25	2_pos_24
2_pos_26	2_pos_25
2_pos_27	2_pos_26
2_pos_28	2_pos_27
2_pos_29	2_pos_28
2_pos_30	2_pos_29
2_pos_31	2_pos_30
2_pos_32	2_pos_31
2_pos_33	2_pos_32
2_pos_34	2_pos_33
2_pos_35	2_pos_34
2_pos_36	2_pos_35
2_pos_37	2_pos_36
2_pos_38	2_pos_37
2_pos_39	2_pos_38
2_pos_40	2_pos_39
2_pos_41	2_pos_40
2_pos_42	2_pos_41
2_pos_43	2_pos_42
2_pos_44	2_pos_43
2_pos_45	2_pos_44
2_pos_46	2_pos_45
2_pos_47	2_pos_46
2_pos_48	2_pos_47
2_pos_49	2_pos_48
2_pos_50	2_pos_49
2_pos_51	2_pos_50
2_pos_52	2_pos_51
2_pos_53	2_pos_52
2_pos_54	2_pos_53
2_pos_55	2_pos_54
2_pos_56	2_pos_55
2_pos_57	2_pos_56
2_pos_58	2_pos_57
2_pos_59	2_pos_58
2_pos_60	2_pos_59
2_pos_61	2_pos_60
2_pos_62	2_pos_61
2_pos_63	2_pos_62
2_pos_64	2_pos_63
2_pos_65	2_pos_64
3_neg_1	3_neg_0
3_neg_2	3_neg_1
3_neg_3	3_neg_2
3_neg_4	3_neg_3
3_neg_5	3_neg_4
3_neg_6	3_neg_5
3_neg_7	3_neg_6
3_neg_8	3_neg_7
3_neg_9	3_neg_8
3_neg_10	3_neg_9
3_neg_11	3_neg_10
3_neg_12	3_neg_11
3_neg_13	3_neg_12
3_neg_14	3_neg_13
3_neg_15	3_neg_14
3_neg_16	3_neg_15
3_neg_17	3_neg_16
3_neg_18	3_neg_17
3_neg_19	3_neg_18
3_neg_20	3_neg_19
3_neg_21	3_neg_20
3_neg_22	3_neg_21
3_neg_23	3_neg_22
3_neg_24	3_neg_23
3_neg_25	3_neg_24
3_neg_26	3_neg_25
3_neg_27	3_neg_26
3_neg_28	3_neg_27
3_neg_29	3_neg_28
3_neg_30	3_neg_29
3_neg_31	3_neg_30
3_neg_32	3_neg_31
3_neg_33	3_neg_32
3_neg_34	3_neg_33
3_neg_35	3_neg_34
3_neg_36	3_neg_35
3_neg_37	3_neg_36
3_neg_38	3_neg_37
3_neg_39	3_neg_38
3_neg_40	3_neg_39
3_neg_41	3_neg_40
3_neg_42	3_neg_41
3_neg_43	3_neg_42
3_neg_44	3_neg_43
3_neg_45	3_neg_44
3_neg_46	3_neg_45
3_neg_47	3_neg_46
3_neg_48	3_neg_47
3_neg_49	3_neg_48
3_neg_50	3_neg_49
3_neg_51	3_neg_50
3_neg_52	3_neg_51
3_neg_53	3_neg_52
3_neg_54	3_neg_53
3_neg_55	3_neg_54
3_neg_56	3_neg_55
3_neg_57	3_neg_56
3_neg_58	3_neg_57
3_neg_59	3_neg_58
3_neg_60	3_neg_59
3_neg_61	3_neg_60
4_pos_1	4_pos_0
4_pos_2	4_pos_1
4_pos_3	4_pos_2
4_pos_4	4_pos_3
4_pos_5	4_pos_4
4_pos_6	4_pos_5
4_pos_7	4_pos_6
4_pos_8	4_pos_7
4_pos_9	4_pos_8
4_pos_10	4_pos_9
4_pos_11	4_pos_10
4_pos_12	4_pos_11
4_pos_13	4_pos_12
4_pos_14	4_pos_13
4_pos_15	4_pos_14
4_pos_16	4_pos_15
4_pos_17	4_pos_16
4_pos_18	4_pos_17
4_pos_19	4_pos_18
4_pos_20	4_pos_19
4_pos_21	4_pos_20
4_pos_22	4_pos_21
4_pos_23	4_pos_22
4_pos_24	4_pos_23
4_pos_25	4_pos_24
4_pos_26	4_pos_25
4_pos_27	4_pos_26
4_pos_28	4_pos_27
4_pos_29	4_pos_28
4_pos_30	4_pos_29
4_pos_31	4_pos_30
4_pos_32	4_pos_31
4_pos_33	4_pos_32
4_pos_34	4_pos_33
4_pos_35	4_pos_34
4_pos_36	4_pos_35
4_pos_37	4_pos_36
4_pos_38	4_pos_37
4_pos_39	4_pos_38
4_pos_40	4_pos_39
4_pos_41	4_pos_40
4_pos_42	4_pos_41
4_pos_43	4_pos_42
4_pos_44	4_pos_43
4_pos_45	4_pos_44
4_pos_46	4_pos_45
4_pos_47	4_pos_46
4_pos_48	4_pos_47
4_pos_49	4_pos_48
4_pos_50	4_pos_49
4_pos_51	4_pos_50
4_pos_52	4_pos_51
4_pos_53	4_pos_52
4_pos_54	4_pos_53
4_pos_55	4_pos_54
4_pos_56	4_pos_55
4_pos_57	4_pos_56
4_pos_58	4_pos_57
4_pos_59	4_pos_58
4_pos_60	4_pos_59
4_pos_61	4_pos_60
4_pos_62	4_pos_61
4_pos_63	4_pos_62
4_pos_64	4_pos_63
4_pos_65	4_pos_64
4_pos_66	4_pos_65
4_pos_67	4_pos_66
4_pos_68	4_pos_67
4_pos_69	4_pos_68
4_pos_70	4_pos_69
4_pos_71	4_pos_70
4_pos_72	4_pos_71
4_pos_73	4_pos_72
4_pos_74	4_pos_73
4_pos_75	4_pos_74
4_pos_76	4_pos_75
5_neg_1	5_neg_0
5_neg_2	5_neg_1
5_neg_3	5_neg_2
5_neg_4	5_neg_3
5_neg_5	5_neg_4
5_neg_6	5_neg_5
5_neg_7	5_neg_6
5_neg_8	5_neg_7
5_neg_9	5_neg_8
5_neg_10	5_neg_9
5_neg_11	5_neg_10
5_neg_12	5_neg_11
5_neg_13	5_neg_12
5_neg_14	5_neg_13
5_neg_15	5_neg_14
5_neg_16	5_neg_15
5_neg_17	5_neg_16
5_neg_18	5_neg_17
5_neg_19	5_neg_18
5_neg_20	5_neg_19
5_neg_21	5_neg_20
5_neg_22	5_neg_21
5_neg_23	5_neg_22
5_neg_24	5_neg_23
5_neg_25	5_neg_24
5_neg_26	5_neg_25
5_neg_27	5_neg_26
5_neg_28	5_neg_27
5_neg_29	5_neg_28
5_neg_30	5_neg_29
5_neg_31	5_neg_30
5_neg_32	5_neg_31
5_neg_33	5_neg_32
5_neg_34	5_neg_33
5_neg_35	5_neg_34
5_neg_36	5_neg_35
5_neg_37	5_neg_36
5_neg_38	5_neg_37
5_neg_39	5_neg_38
5_neg_40	5_neg_39
5_neg_41	5_neg_40
5_neg_42	5_neg_41
5_neg_43	5_neg_42
5_neg_44	5_neg_43
5_neg_45	5_neg_44
5_neg_46	5_neg_45
5_neg_47	5_neg_46
5_neg_48	5_neg_47
5_neg_49	5_neg_48
5_neg_50	5_neg_49
5_neg_51	5_neg_50
5_neg_52	5_neg_51
5_neg_53	5_neg_52
5_neg_54	5_neg_53
5_neg_55	5_neg_54
5_neg_56	5_neg_55
5_neg_57	5_neg_56
5_neg_58	5_neg_57
5_neg_59	5_neg_58
5_neg_60	5_neg_59
5_neg_61	5_neg_60
5_neg_62	5_neg_61
5_neg_63	5_neg_62
5_neg_64	5_neg_63
5_neg_65	5_neg_64
5_neg_66	5_neg_65
5_neg_67	5_neg_66
6_pos_1	6_pos_0
6_pos_2	6_pos_1
6_pos_3	6_pos_2
6_pos_4	6_pos_3
6_pos_5	6_pos_4
6_pos_6	6_pos_5
6_pos_7	6_pos_6
6_pos_8	6_pos_7
6_pos_9	6_pos_8
6_pos_10	6_pos_9
6_pos_11	6_pos_10
6_pos_12	6_pos_11
6_pos_13	6_pos_12
6_pos_14	6_pos_13
6_pos_15	6_pos_14
6_pos_16	6_pos_15
6_pos_17	6_pos_16
6_pos_18	6_pos_17
6_pos_19	6_pos_18
6_pos_20	6_pos_19
6_pos_21	6_pos_20
6_pos_22	6_pos_21
6_pos_23	6_pos_22
6_pos_24	6_pos_23
6_pos_25	6_pos_24
6_pos_26	6_pos_25
6_pos_27	6_pos_26
6_pos_28	6_pos_27
6_pos_29	6_pos_28
6_pos_30	6_pos_29
6_pos_31	6_pos_30
6_pos_32	6_pos_31
6_pos_33	6_pos_32
6_pos_34	6_pos_33
6_pos_35	6_pos_34
6_pos_36	6_pos_35
6_pos_37	6_pos_36
6_pos_38	6_pos_37
6_pos_39	6_pos_38
6_pos_40	6_pos_39
6_pos_41	6_pos_40
6_pos_42	6_pos_41
6_pos_43	6_pos_42
6_pos_44	6_pos_43
6_pos_45	6_pos_44
6_pos_46	6_pos_45
6_pos_47	6_pos_46
6_pos_48	6_pos_47
6_pos_49	6_pos_48
6_pos_50	6_pos_49
6_pos_51	6_pos_50
6_pos_52	6_pos_51
6_pos_53	6_pos_52
6_pos_54	6_pos_53
6_pos_55	6_pos_54
6_pos_56	6_pos_55
6_pos_57	6_pos_56
6_pos_58	6_pos_57
6_pos_59	6_pos_58
6_pos_60	6_pos_59
6_pos_61	6_pos_60
6_pos_62	6_pos_61
6_pos_63	6_pos_62
6_pos_64	6_pos_63
6_pos_65	6_pos_64
6_pos_66	6_pos_65
6_pos_67	6_pos_66
6_pos_68	6_pos_67
6_pos_69	6_pos_68
6_pos_70	6_pos_69
6_pos_71	6_pos_70
6_pos_72	6_pos_71
6_pos_73	6_pos_72
7_neg_1	7_neg_0
7_neg_2	7_neg_1
7_neg_3	7_neg_2
7_neg_4	7_neg_3
7_neg_5	7_neg_4
7_neg_6	7_neg_5
7_neg_7	7_neg_6
7_neg_8	7_neg_7
7_neg_9	7_neg_8
7_neg_10	7_neg_9
7_neg_11	7_neg_10
7_neg_12	7_neg_11
7_neg_13	7_neg_12
7_neg_14	7_neg_13
7_neg_15	7_neg_14
7_neg_16	7_neg_15
7_neg_17	7_neg_16
7_neg_18	7_neg_17
7_neg_19	7_neg_18
7_neg_20	7_neg_19
7_neg_21	7_neg_20
7_neg_22	7_neg_21
7_neg_23	7_neg_22
7_neg_24	7_neg_23
7_neg_25	7_neg_24
7_neg_26	7_neg_25
7_neg_27	7_neg_26
7_neg_28	7_neg_27
7_neg_29	7_neg_28
7_neg_30	7_neg_29
7_neg_31	7_neg_30
7_neg_32	7_neg_31
7_neg_33	7_neg_32
7_neg_34	7_neg_33
7_neg_35	7_neg_34
7_neg_36	7_neg_35
7_neg_37	7_neg_36
7_neg_38	7_neg_37
7_neg_39	7_neg_38
7_neg_40	7_neg_39
7_neg_41	7_neg_40
7_neg_42	7_neg_41
7_neg_43	7_neg_42
7_neg_44	7_neg_43
7_neg_45	7_neg_44
7_neg_46	7_neg_45
7_neg_47	7_neg_46
7_neg_48	7_neg_47
7_neg_49	7_neg_48
7_neg_50	7_neg_49
7_neg_51	7_neg_50
7_neg_52	7_neg_51
8_pos_1	8_pos_0
8_pos_2	8_pos_1
8_pos_3	8_pos_2
8_pos_4	8_pos_3
8_pos_5	8_pos_4
8_pos_6	8_pos_5
8_pos_7	8_pos_6
8_pos_8	8_pos_7
8_pos_9	8_pos_8
8_pos_10	8_pos_9
8_pos_11	8_pos_10
8_pos_12	8_pos_11
8_pos_13	8_pos_12
8_pos_14	8_pos_13
8_pos_15	8_pos_14
8_pos_16	8_pos_15
8_pos_17	8_pos_16
8_pos_18	8_pos_17
8_pos_19	8_pos_18
8_pos_20	8_pos_19
8_pos_21	8_pos_20
8_pos_22	8_pos_21
8_pos_23	8_pos_22
8_pos_24	8_pos_23
8_pos_25	8_pos_24
8_pos_26	8_pos_25
8_pos_27	8_pos_26
8_pos_28	8_pos_27
8_pos_29	8_pos_28
8_pos_30	8_pos_29
8_pos_31	8_pos_30
8_pos_32	8_pos_31
8_pos_33	8_pos_32
8_pos_34	8_pos_33
8_pos_35	8_pos_34
8_pos_36	8_pos_35
8_pos_37	8_pos_36
8_pos_38	8_pos_37
8_pos_39	8_pos_38
8_pos_40	8_pos_39
8_pos_41	8_pos_40
8_pos_42	8_pos_41
8_pos_43	8_pos_42
8_pos_44	8_pos_43
8_pos_45	8_pos_44
8_pos_46	8_pos_45
8_pos_47	8_pos_46
8_pos_48	8_pos_47
8_pos_49	8_pos_48
8_pos_50	8_pos_49
9_neg_1	9_neg_0
9_neg_2	9_neg_1
9_neg_3	9_neg_2
9_neg_4	9_neg_3
9_neg_5	9_neg_4
9_neg_6	9_neg_5
9_neg_7	9_neg_6
9_neg_8	9_neg_7
9_neg_9	9_neg_8
9_neg_10	9_neg_9
9_neg_11	9_neg_10
9_neg_12	9_neg_11
9_neg_13	9_neg_12
9_neg_14	9_neg_13
9_neg_15	9_neg_14
9_neg_16	9_neg_15
9_neg_17	9_neg_16
9_neg_18	9_neg_17
9_neg_19	9_neg_18
9_neg_20	9_neg_19
9_neg_21	9_neg_20
9_neg_22	9_neg_21
9_neg_23	9_neg_22
9_neg_24	9_neg_23
9_neg_25	9_neg_24
9_neg_26	9_neg_25
9_neg_27	9_neg_26
9_neg_28	9_neg_27
9_neg_29	9_neg_28
9_neg_30	9_neg_29
9_neg_31	9_neg_30
9_neg_32	9_neg_31
9_neg_33	9_neg_32
9_neg_34	9_neg_33
9_neg_35	9_neg_34
9_neg_36	9_neg_35
9_neg_37	9_neg_36
9_neg_38	9_neg_37
9_neg_39	9_neg_38
9_neg_40	9_neg_39
9_neg_41	9_neg_40
9_neg_42	9_neg_41
9_neg_43	9_neg_42
9_neg_44	9_neg_43
9_neg_45	9_neg_44
9_neg_46	9_neg_45
9_neg_47	9_neg_46
9_neg_48	9_neg_47
9_neg_49	9_neg_48
9_neg_50	9_neg_49
9_neg_51	9_neg_50
9_neg_52	9_neg_51
9_neg_53	9_neg_52
9_neg_54	9_neg_53
9_neg_55	9_neg_54
9_neg_56	9_neg_55
9_neg_57	9_neg_56
9_neg_58	9_neg_57
9_neg_59	9_neg_58
9_neg_60	9_neg_59
9_neg_61	9_neg_60
9_neg_62	9_neg_61
9_neg_63	9_neg_62
9_neg_64	9_neg_63
9_neg_65	9_neg_64
9_neg_66	9_neg_65
9_neg_67	9_neg_66
9_neg_68	9_neg_67
9_neg_69	9_neg_68
9_neg_70	9_neg_69
9_neg_71	9_neg_70
9_neg_72	9_neg_71
9_neg_73	9_neg_72
9_neg_74	9_neg_73
9_neg_75	9_neg_74
9_neg_76	9_neg_75
10_pos_1	10_pos_0
10_pos_2	10_pos_1
10_pos_3	10_pos_2
10_pos_4	10_pos_3
10_pos_5	10_pos_4
10_pos_6	10_pos_5
10_pos_7	10_pos_6
10_pos_8	10_pos_7
10_pos_9	10_pos_8
10_pos_10	10_pos_9
10_pos_11	10_pos_10
10_pos_12	10_pos_11
10_pos_13	10_pos_12
10_pos_14	10_pos_13
10_pos_15	10_pos_14
10_pos_16	10_pos_15
10_pos_17	10_pos_16
10_pos_18	10_pos_17
10_pos_19	10_pos_18
10_pos_20	10_pos_19
10_pos_21	10_pos_20
10_pos_22	10_pos_21
10_pos_23	10_pos_22
10_pos_24	10_pos_23
10_pos_25	10_pos_24
10_pos_26	10_pos_25
10_pos_27	10_pos_26
10_pos_28	10_pos_27
10_pos_29	10_pos_28
10_pos_30	10_pos_29
10_pos_31	10_pos_30
10_pos_32	10_pos_31
10_pos_33	10_pos_32
10_pos_34	10_pos_33
10_pos_35	10_pos_34
10_pos_36	10_pos_35
10_pos_37	10_pos_36
10_pos_38	10_pos_37
10_pos_39	10_pos_38
10_pos_40	10_pos_39
10_pos_41	10_pos_40
10_pos_42	10_pos_41
10_pos_43	10_pos_42
10_pos_44	10_pos_43
10_pos_45	10_pos_44
10_pos_46	10_pos_45
10_pos_47	10_pos_46
10_pos_48	10_pos_47
10_pos_49	10_pos_48
10_pos_50	10_pos_49
10_pos_51	10_pos_50
10_pos_52	10_pos_51
10_pos_53	10_pos_52
10_pos_54	10_pos_53
10_pos_55	10_pos_54
10_pos_56	10_pos_55
10_pos_57	10_pos_56
10_pos_58	10_pos_57
10_pos_59	10_pos_58
10_pos_60	10_pos_59
10_pos_61	10_pos_60
10_pos_62	10_pos_61
10_pos_63	10_pos_62
10_pos_64	10_pos_63
10_pos_65	10_pos_64
10_pos_66	10_pos_65
11_neg_1	11_neg_0
11_neg_2	11_neg_1
11_neg_3	11_neg_2
11_neg_4	11_neg_3
11_neg_5	11_neg_4
11_neg_6	11_neg_5
11_neg_7	11_neg_6
11_neg_8	11_neg_7
11_neg_9	11_neg_8
11_neg_10	11_neg_9
11_neg_11	11_neg_10
11_neg_12	11_neg_11
11_neg_13	11_neg_12
11_neg_14	11_neg_13
11_neg_15	11_neg_14
11_neg_16	11_neg_15
11_neg_17	11_neg_16
11_neg_18	11_neg_17
11_neg_19	11_neg_18
11_neg_20	11_neg_19
11_neg_21	11_neg_20
11_neg_22	11_neg_21
11_neg_23	11_neg_22
11_neg_24	11_neg_23
11_neg_25	11_neg_24
11_neg_26	11_neg_25
11_neg_27	11_neg_26
11_neg_28	11_neg_27
11_neg_29	11_neg_28
11_neg_30	11_neg_29
11_neg_31	11_neg_30
11_neg_32	11_neg_31
11_neg_33	11_neg_32
11_neg_34	11_neg_33
11_neg_35	11_neg_34
11_neg_36	11_neg_35
11_neg_37	11_neg_36
11_neg_38	11_neg_37
11_neg_39	11_neg_38
11_neg_40	11_neg_39
11_neg_41	11_neg_40
11_neg_42	11_neg_41
11_neg_43	11_neg_42
11_neg_44	11_neg_43
11_neg_45	11_neg_44
11_neg_46	11_neg_45
11_neg_47	11_neg_46
11_neg_48	11_neg_47
11_neg_49	11_neg_48
11_neg_50	11_neg_49
11_neg_51	11_neg_50
11_neg_52	11_neg_51
11_neg_53	11_neg_52
11_neg_54	11_neg_53
11_neg_55	11_neg_54
11_neg_56	11_neg_55
11_neg_57	11_neg_56
11_neg_58	11_neg_57
11_neg_59	11_neg_58
11_neg_60	11_neg_59
11_neg_61	11_neg_60
11_neg_62	11_neg_61
11_neg_63	11_neg_62
11_neg_64	11_neg_63
11_neg_65	11_neg_64
11_neg_66	11_neg_65
11_neg_67	11_neg_66
11_neg_68	11_neg_67
11_neg_69	11_neg_68
11_neg_70	11_neg_69
11_neg_71	11_neg_70
11_neg_72	11_neg_71
11_neg_73	11_neg_72
11_neg_74	11_neg_73
11_neg_75	11_neg_74
11_neg_76	11_neg_75
11_neg_77	11_neg_76
11_neg_78	11_neg_77
11_neg_79	11_neg_78
11_neg_80	11_neg_79
11_neg_81	11_neg_80
11_neg_82	11_neg_81
11_neg_83	11_neg_82
12_pos_1	12_pos_0
12_pos_2	12_pos_1
12_pos_3	12_pos_2
12_pos_4	12_pos_3
12_pos_5	12_pos_4
12_pos_6	12_pos_5
12_pos_7	12_pos_6
12_pos_8	12_pos_7
12_pos_9	12_pos_8
12_pos_10	12_pos_9
12_pos_11	12_pos_10
12_pos_12	12_pos_11
12_pos_13	12_pos_12
12_pos_14	12_pos_13
12_pos_15	12_pos_14
12_pos_16	12_pos_15
12_pos_17	12_pos_16
12_pos_18	12_pos_17
12_pos_19	12_pos_18
12_pos_20	12_pos_19
12_pos_21	12_pos_20
12_pos_22	12_pos_21
12_pos_23	12_pos_22
12_pos_24	12_pos_23
12_pos_25	12_pos_24
12_pos_26	12_pos_25
12_pos_27	12_pos_26
12_pos_28	12_pos_27
12_pos_29	12_pos_28
12_pos_30	12_pos_29
12_pos_31	12_pos_30
12_pos_32	12_pos_31
12_pos_33	12_pos_32
12_pos_34	12_pos_33
12_pos_35	12_pos_34
12_pos_36	12_pos_35
12_pos_37	12_pos_36
12_pos_38	12_pos_37
12_pos_39	12_pos_38
12_pos_40	12_pos_39
12_pos_41	12_pos_40
12_pos_42	12_pos_41
12_pos_43	12_pos_42
12_pos_44	12_pos_43
12_pos_45	12_pos_44
12_pos_46	12_pos_45
12_pos_47	12_pos_46
12_pos_48	12_pos_47
12_pos_49	12_pos_48
12_pos_50	12_pos_49
12_pos_51	12_pos_50
12_pos_52	12_pos_51
12_pos_53	12_pos_52
12_pos_54	12_pos_53
12_pos_55	12_pos_54
12_pos_56	12_pos_55
12_pos_57	12_pos_56
12_pos_58	12_pos_57
12_pos_59	12_pos_58
12_pos_60	12_pos_59
12_pos_61	12_pos_60
12_pos_62	12_pos_61
12_pos_63	12_pos_62
12_pos_64	12_pos_63
12_pos_65	12_pos_64
12_pos_66	12_pos_65
12_pos_67	12_pos_66
12_pos_68	12_pos_67
12_pos_69	12_pos_68
12_pos_70	12_pos_69
12_pos_71	12_pos_70
12_pos_72	12_pos_71
12_pos_73	12_pos_72
12_pos_74	12_pos_73
12_pos_75	12_pos_74
12_pos_76	12_pos_75
12_pos_77	12_pos_76
12_pos_78	12_pos_77
12_pos_79	12_pos_78
12_pos_80	12_pos_79
12_pos_81	12_pos_80
12_pos_82	12_pos_81
12_pos_83	12_pos_82
12_pos_84	12_pos_83
12_pos_85	12_pos_84
12_pos_86	12_pos_85
12_pos_87	12_pos_86
13_neg_1	13_neg_0
13_neg_2	13_neg_1
13_neg_3	13_neg_2
13_neg_4	13_neg_3
13_neg_5	13_neg_4
13_neg_6	13_neg_5
13_neg_7	13_neg_6
13_neg_8	13_neg_7
13_neg_9	13_neg_8
13_neg_10	13_neg_9
13_neg_11	13_neg_10
13_neg_12	13_neg_11
13_neg_13	13_neg_12
13_neg_14	13_neg_13
13_neg_15	13_neg_14
13_neg_16	13_neg_15
13_neg_17	13_neg_16
13_neg_18	13_neg_17
13_neg_19	13_neg_18
13_neg_20	13_neg_19
13_neg_21	13_neg_20
13_neg_22	13_neg_21
13_neg_23	13_neg_22
13_neg_24	13_neg_23
13_neg_25	13_neg_24
13_neg_26	13_neg_25
13_neg_27	13_neg_26
13_neg_28	13_neg_27
13_neg_29	13_neg_28
13_neg_30	13_neg_29
13_neg_31	13_neg_30
13_neg_32	13_neg_31
13_neg_33	13_neg_32
13_neg_34	13_neg_33
13_neg_35	13_neg_34
13_neg_36	13_neg_35
13_neg_37	13_neg_36
13_neg_38	13_neg_37
13_neg_39	13_neg_38
13_neg_40	13_neg_39
13_neg_41	13_neg_40
13_neg_42	13_neg_41
13_neg_43	13_neg_42
13_neg_44	13_neg_43
13_neg_45	13_neg_44
13_neg_46	13_neg_45
13_neg_47	13_neg_46
13_neg_48	13_neg_47
13_neg_49	13_neg_48
13_neg_50	13_neg_49
13_neg_51	13_neg_50
13_neg_52	13_neg_51
13_neg_53	13_neg_52
13_neg_54	13_neg_53
13_neg_55	13_neg_54
13_neg_56	13_neg_55
13_neg_57	13_neg_56
13_neg_58	13_neg_57
13_neg_59	13_neg_58
13_neg_60	13_neg_59
13_neg_61	13_neg_60
13_neg_62	13_neg_61
13_neg_63	13_neg_62
13_neg_64	13_neg_63
13_neg_65	13_neg_64
13_neg_66	13_neg_65
13_neg_67	13_neg_66
13_neg_68	13_neg_67
13_neg_69	13_neg_68
13_neg_70	13_neg_69
13_neg_71	13_neg_70
13_neg_72	13_neg_71
13_neg_73	13_neg_72
13_neg_74	13_neg_73
13_neg_75	13_neg_74
13_neg_76	13_neg_75
13_neg_77	13_neg_76
13_neg_78	13_neg_77
13_neg_79	13_neg_78
13_neg_80	13_neg_79
13_neg_81	13_neg_80
13_neg_82	13_neg_81
13_neg_83	13_neg_82
13_neg_84	13_neg_83
13_neg_85	13_neg_84
13_neg_86	13_neg_85
13_neg_87	13_neg_86
13_neg_88	13_neg_87
13_neg_89	13_neg_88
13_neg_90	13_neg_89
13_neg_91	13_neg_90
14_pos_1	14_pos_0
14_pos_2	14_pos_1
14_pos_3	14_pos_2
14_pos_4	14_pos_3
14_pos_5	14_pos_4
14_pos_6	14_pos_5
14_pos_7	14_pos_6
14_pos_8	14_pos_7
14_pos_9	14_pos_8
14_pos_10	14_pos_9
14_pos_11	14_pos_10
14_pos_12	14_pos_11
14_pos_13	14_pos_12
14_pos_14	14_pos_13
14_pos_15	14_pos_14
14_pos_16	14_pos_15
14_pos_17	14_pos_16
14_pos_18	14_pos_17
14_pos_19	14_pos_18
14_pos_20	14_pos_19
14_pos_21	14_pos_20
14_pos_22	14_pos_21
14_pos_23	14_pos_22
14_pos_24	14_pos_23
14_pos_25	14_pos_24
14_pos_26	14_pos_25
14_pos_27	14_pos_26
14_pos_28	14_pos_27
14_pos_29	14_pos_28
14_pos_30	14_pos_29
14_pos_31	14_pos_30
14_pos_32	14_pos_31
14_pos_33	14_pos_32
14_pos_34	14_pos_33
14_pos_35	14_pos_34
14_pos_36	14_pos_35
14_pos_37	14_pos_36
14_pos_38	14_pos_37
14_pos_39	14_pos_38
14_pos_40	14_pos_39
14_pos_41	14_pos_40
14_pos_42	14_pos_41
14_pos_43	14_pos_42
14_pos_44	14_pos_43
14_pos_45	14_pos_44
14_pos_46	14_pos_45
14_pos_47	14_pos_46
14_pos_48	14_pos_47
14_pos_49	14_pos_48
14_pos_50	14_pos_49
14_pos_51	14_pos_50
14_pos_52	14_pos_51
14_pos_53	14_pos_52
14_pos_54	14_pos_53
14_pos_55	14_pos_54
14_pos_56	14_pos_55
14_pos_57	14_pos_56
14_pos_58	14_pos_57
14_pos_59	14_pos_58
14_pos_60	14_pos_59
14_pos_61	14_pos_60
14_pos_62	14_pos_61
14_pos_63	14_pos_62
14_pos_64	14_pos_63
14_pos_65	14_pos_64
14_pos_66	14_pos_65
14_pos_67	14_pos_66
15_neg_1	15_neg_0
15_neg_2	15_neg_1
15_neg_3	15_neg_2
15_neg_4	15_neg_3
15_neg_5	15_neg_4
15_neg_6	15_neg_5
15_neg_7	15_neg_6
15_neg_8	15_neg_7
15_neg_9	15_neg_8
15_neg_10	15_neg_9
15_neg_11	15_neg_10
15_neg_12	15_neg_11
15_neg_13	15_neg_12
15_neg_14	15_neg_13
15_neg_15	15_neg_14
15_neg_16	15_neg_15
15_neg_17	15_neg_16
15_neg_18	15_neg_17
15_neg_19	15_neg_18
15_neg_20	15_neg_19
15_neg_21	15_neg_20
15_neg_22	15_neg_21
15_neg_23	15_neg_22
15_neg_24	15_neg_23
15_neg_25	15_neg_24
15_neg_26	15_neg_25
15_neg_27	15_neg_26
15_neg_28	15_neg_27
15_neg_29	15_neg_28
15_neg_30	15_neg_29
15_neg_31	15_neg_30
15_neg_32	15_neg_31
15_neg_33	15_neg_32
15_neg_34	15_neg_33
15_neg_35	15_neg_34
15_neg_36	15_neg_35
15_neg_37	15_neg_36
15_neg_38	15_neg_37
15_neg_39	15_neg_38
15_neg_40	15_neg_39
15_neg_41	15_neg_40
15_neg_42	15_neg_41
15_neg_43	15_neg_42
15_neg_44	15_neg_43
15_neg_45	15_neg_44
15_neg_46	15_neg_45
15_neg_47	15_neg_46
15_neg_48	15_neg_47
15_neg_49	15_neg_48
15_neg_50	15_neg_49
15_neg_51	15_neg_50
15_neg_52	15_neg_51
15_neg_53	15_neg_52
15_neg_54	15_neg_53
15_neg_55	15_neg_54
15_neg_56	15_neg_55
15_neg_57	15_neg_56
15_neg_58	15_neg_57
15_neg_59	15_neg_58
15_neg_60	15_neg_59
15_neg_61	15_neg_60
15_neg_62	15_neg_61
15_neg_63	15_neg_62
15_neg_64	15_neg_63
15_neg_65	15_neg_64
15_neg_66	15_neg_65
15_neg_67	15_neg_66
15_neg_68	15_neg_67
15_neg_69	15_neg_68
15_neg_70	15_neg_69
15_neg_71	15_neg_70
15_neg_72	15_neg_71
15_neg_73	15_neg_72
16_pos_1	16_pos_0
16_pos_2	16_pos_1
16_pos_3	16_pos_2
16_pos_4	16_pos_3
16_pos_5	16_pos_4
16_pos_6	16_pos_5
16_pos_7	16_pos_6
16_pos_8	16_pos_7
16_pos_9	16_pos_8
16_pos_10	16_pos_9
16_pos_11	16_pos_10
16_pos_12	16_pos_11
16_pos_13	16_pos_12
16_pos_14	16_pos_13
16_pos_15	16_pos_14
16_pos_16	16_pos_15
16_pos_17	16_pos_16
16_pos_18	16_pos_17
16_pos_19	16_pos_18
16_pos_20	16_pos_19
16_pos_21	16_pos_20
16_pos_22	16_pos_21
16_pos_23	16_pos_22
16_pos_24	16_pos_23
16_pos_25	16_pos_24
16_pos_26	16_pos_25
16_pos_27	16_pos_26
16_pos_28	16_pos_27
16_pos_29	16_pos_28
16_pos_30	16_pos_29
16_pos_31	16_pos_30
16_pos_32	16_pos_31
16_pos_33	16_pos_32
16_pos_34	16_pos_33
16_pos_35	16_pos_34
16_pos_36	16_pos_35
16_pos_37	16_pos_36
16_pos_38	16_pos_37
16_pos_39	16_pos_38
16_pos_40	16_pos_39
16_pos_41	16_pos_40
16_pos_42	16_pos_41
16_pos_43	16_pos_42
16_pos_44	16_pos_43
16_pos_45	16_pos_44
16_pos_46	16_pos_45
16_pos_47	16_pos_46
16_pos_48	16_pos_47
16_pos_49	16_pos_48
16_pos_50	16_pos_49
16_pos_51	16_pos_50
16_pos_52	16_pos_51
16_pos_53	16_pos_52
16_pos_54	16_pos_53
16_pos_55	16_pos_54
16_pos_56	16_pos_55
16_pos_57	16_pos_56
16_pos_58	16_pos_57
16_pos_59	16_pos_58
16_pos_60	16_pos_59
16_pos_61	16_pos_60
16_pos_62	16_pos_61
16_pos_63	16_pos_62
16_pos_64	16_pos_63
16_pos_65	16_pos_64
17_neg_1	17_neg_0
17_neg_2	17_neg_1
17_neg_3	17_neg_2
17_neg_4	17_neg_3
17_neg_5	17_neg_4
17_neg_6	17_neg_5
17_neg_7	17_neg_6
17_neg_8	17_neg_7
17_neg_9	17_neg_8
17_neg_10	17_neg_9
17_neg_11	17_neg_10
17_neg_12	17_neg_11
17_neg_13	17_neg_12
17_neg_14	17_neg_13
17_neg_15	17_neg_14
17_neg_16	17_neg_15
17_neg_17	17_neg_16
17_neg_18	17_neg_17
17_neg_19	17_neg_18
17_neg_20	17_neg_19
17_neg_21	17_neg_20
17_neg_22	17_neg_21
17_neg_23	17_neg_22
17_neg_24	17_neg_23
17_neg_25	17_neg_24
17_neg_26	17_neg_25
17_neg_27	17_neg_26
17_neg_28	17_neg_27
17_neg_29	17_neg_28
17_neg_30	17_neg_29
17_neg_31	17_neg_30
17_neg_32	17_neg_31
17_neg_33	17_neg_32
17_neg_34	17_neg_33
17_neg_35	17_neg_34
17_neg_36	17_neg_35
17_neg_37	17_neg_36
17_neg_38	17_neg_37
17_neg_39	17_neg_38
17_neg_40	17_neg_39
17_neg_41	17_neg_40
17_neg_42	17_neg_41
17_neg_43	17_neg_42
17_neg_44	17_neg_43
17_neg_45	17_neg_44
17_neg_46	17_neg_45
17_neg_47	17_neg_46
17_neg_48	17_neg_47
17_neg_49	17_neg_48
17_neg_50	17_neg_49
17_neg_51	17_neg_50
17_neg_52	17_neg_51
17_neg_53	17_neg_52
17_neg_54	17_neg_53
17_neg_55	17_neg_54
17_neg_56	17_neg_55
17_neg_57	17_neg_56
17_neg_58	17_neg_57
17_neg_59	17_neg_58
17_neg_60	17_neg_59
17_neg_61	17_neg_60
17_neg_62	17_neg_61
17_neg_63	17_neg_62
17_neg_64	17_neg_63
18_pos_1	18_pos_0
18_pos_2	18_pos_1
18_pos_3	18_pos_2
18_pos_4	18_pos_3
18_pos_5	18_pos_4
18_pos_6	18_pos_5
18_pos_7	18_pos_6
18_pos_8	18_pos_7
18_pos_9	18_pos_8
18_pos_10	18_pos_9
18_pos_11	18_pos_10
18_pos_12	18_pos_11
18_pos_13	18_pos_12
18_pos_14	18_pos_13
18_pos_15	18_pos_14
18_pos_16	18_pos_15
18_pos_17	18_pos_16
18_pos_18	18_pos_17
18_pos_19	18_pos_18
18_pos_20	18_pos_19
18_pos_21	18_pos_20
18_pos_22	18_pos_21
18_pos_23	18_pos_22
18_pos_24	18_pos_23
18_pos_25	18_pos_24
18_pos_26	18_pos_25
18_pos_27	18_pos_26
18_pos_28	18_pos_27
18_pos_29	18_pos_28
18_pos_30	18_pos_29
18_pos_31	18_pos_30
18_pos_32	18_pos_31
18_pos_33	18_pos_32
18_pos_34	18_pos_33
18_pos_35	18_pos_34
18_pos_36	18_pos_35
18_pos_37	18_pos_36
18_pos_38	18_pos_37
18_pos_39	18_pos_38
18_pos_40	18_pos_39
18_pos_41	18_pos_40
18_pos_42	18_pos_41
18_pos_43	18_pos_42
18_pos_44	18_pos_43
18_pos_45	18_pos_44
18_pos_46	18_pos_45
18_pos_47	18_pos_46
18_pos_48	18_pos_47
18_pos_49	18_pos_48
18_pos_50	18_pos_49
18_pos_51	18_pos_50
18_pos_52	18_pos_51
18_pos_53	18_pos_52
18_pos_54	18_pos_53
18_pos_55	18_pos_54
18_pos_56	18_pos_55
18_pos_57	18_pos_56
18_pos_58	18_pos_57
18_pos_59	18_pos_58
18_pos_60	18_pos_59
18_pos_61	18_pos_60
18_pos_62	18_pos_61
18_pos_63	18_pos_62
18_pos_64	18_pos_63
18_pos_65	18_pos_64
18_pos_66	18_pos_65
18_pos_67	18_pos_66
18_pos_68	18_pos_67
18_pos_69	18_pos_68
18_pos_70	18_pos_69
18_pos_71	18_pos_70
18_pos_72	18_pos_71
18_pos_73	18_pos_72
18_pos_74	18_pos_73
18_pos_75	18_pos_74
18_pos_76	18_pos_75
18_pos_77	18_pos_76
18_pos_78	18_pos_77
18_pos_79	18_pos_78
18_pos_80	18_pos_79
18_pos_81	18_pos_80
18_pos_82	18_pos_81
19_neg_1	19_neg_0
19_neg_2	19_neg_1
19_neg_3	19_neg_2
19_neg_4	19_neg_3
19_neg_5	19_neg_4
19_neg_6	19_neg_5
19_neg_7	19_neg_6
19_neg_8	19_neg_7
19_neg_9	19_neg_8
19_neg_10	19_neg_9
19_neg_11	19_neg_10
19_neg_12	19_neg_11
19_neg_13	19_neg_12
19_neg_14	19_neg_13
19_neg_15	19_neg_14
19_neg_16	19_neg_15
19_neg_17	19_neg_16
19_neg_18	19_neg_17
19_neg_19	19_neg_18
19_neg_20	19_neg_19
19_neg_21	19_neg_20
19_neg_22	19_neg_21
19_neg_23	19_neg_22
19_neg_24	19_neg_23
19_neg_25	19_neg_24
19_neg_26	19_neg_25
19_neg_27	19_neg_26
19_neg_28	19_neg_27
19_neg_29	19_neg_28
19_neg_30	19_neg_29
19_neg_31	19_neg_30
19_neg_32	19_neg_31
19_neg_33	19_neg_32
19_neg_34	19_neg_33
19_neg_35	19_neg_34
19_neg_36	19_neg_35
19_neg_37	19_neg_36
19_neg_38	19_neg_37
19_neg_39	19_neg_38
19_neg_40	19_neg_39
19_neg_41	19_neg_40
19_neg_42	19_neg_41
19_neg_43	19_neg_42
19_neg_44	19_neg_43
19_neg_45	19_neg_44
19_neg_46	19_neg_45
19_neg_47	19_neg_46
19_neg_48	19_neg_47
19_neg_49	19_neg_48
19_neg_50	19_neg_49
19_neg_51	19_neg_50
20_pos_1	20_pos_0
20_pos_2	20_pos_1
20_pos_3	20_pos_2
20_pos_4	20_pos_3
20_pos_5	20_pos_4
20_pos_6	20_pos_5
20_pos_7	20_pos_6
20_pos_8	20_pos_7
20_pos_9	20_pos_8
20_pos_10	20_pos_9
20_pos_11	20_pos_10
20_pos_12	20_pos_11
20_pos_13	20_pos_12
20_pos_14	20_pos_13
20_pos_15	20_pos_14
20_pos_16	20_pos_15
20_pos_17	20_pos_16
20_pos_18	20_pos_17
20_pos_19	20_pos_18
20_pos_20	20_pos_19
20_pos_21	20_pos_20
20_pos_22	20_pos_21
20_pos_23	20_pos_22
20_pos_24	20_pos_23
20_pos_25	20_pos_24
20_pos_26	20_pos_25
20_pos_27	20_pos_26
20_pos_28	20_pos_27
20_pos_29	20_pos_28
20_pos_30	20_pos_29
20_pos_31	20_pos_30
20_pos_32	20_pos_31
20_pos_33	20_pos_32
20_pos_34	20_pos_33
20_pos_35	20_pos_34
20_pos_36	20_pos_35
20_pos_37	20_pos_36
20_pos_38	20_pos_37
20_pos_39	20_pos_38
20_pos_40	20_pos_39
20_pos_41	20_pos_40
20_pos_42	20_pos_41
20_pos_43	20_pos_42
20_pos_44	20_pos_43
20_pos_45	20_pos_44
20_pos_46	20_pos_45
20_pos_47	20_pos_46
20_pos_48	20_pos_47
20_pos_49	20_pos_48
20_pos_50	20_pos_49
20_pos_51	20_pos_50
20_pos_52	20_pos_51
20_pos_53	20_pos_52
20_pos_54	20_pos_53
20_pos_55	20_pos_54
20_pos_56	20_pos_55
20_pos_57	20_pos_56
20_pos_58	20_pos_57
20_pos_59	20_pos_58
20_pos_60	20_pos_59
20_pos_61	20_pos_60
20_pos_62	20_pos_61
20_pos_63	20_pos_62
20_pos_64	20_pos_63
20_pos_65	20_pos_64
20_pos_66	20_pos_65
20_pos_67	20_pos_66
20_pos_68	20_pos_67
20_pos_69	20_pos_68
20_pos_70	20_pos_69
20_pos_71	20_pos_70
20_pos_72	20_pos_71
20_pos_73	20_pos_72
20_pos_74	20_pos_73
20_pos_75	20_pos_74
20_pos_76	20_pos_75
20_pos_77	20_pos_76
20_pos_78	20_pos_77
20_pos_79	20_pos_78
20_pos_80	20_pos_79
20_pos_81	20_pos_80
20_pos_82	20_pos_81
20_pos_83	20_pos_82
20_pos_84	20_pos_83
20_pos_85	20_pos_84
20_pos_86	20_pos_85
20_pos_87	20_pos_86
20_pos_88	20_pos_87
20_pos_89	20_pos_88
20_pos_90	20_pos_89
20_pos_91	20_pos_90
20_pos_92	20_pos_91
20_pos_93	20_pos_92
21_neg_1	21_neg_0
21_neg_2	21_neg_1
21_neg_3	21_neg_2
21_neg_4	21_neg_3
21_neg_5	21_neg_4
21_neg_6	21_neg_5
21_neg_7	21_neg_6
21_neg_8	21_neg_7
21_neg_9	21_neg_8
21_neg_10	21_neg_9
21_neg_11	21_neg_10
21_neg_12	21_neg_11
21_neg_13	21_neg_12
21_neg_14	21_neg_13
21_neg_15	21_neg_14
21_neg_16	21_neg_15
21_neg_17	21_neg_16
21_neg_18	21_neg_17
21_neg_19	21_neg_18
21_neg_20	21_neg_19
21_neg_21	21_neg_20
21_neg_22	21_neg_21
21_neg_23	21_neg_22
21_neg_24	21_neg_23
21_neg_25	21_neg_24
21_neg_26	21_neg_25
21_neg_27	21_neg_26
21_neg_28	21_neg_27
21_neg_29	21_neg_28
21_neg_30	21_neg_29
21_neg_31	21_neg_30
21_neg_32	21_neg_31
21_neg_33	21_neg_32
21_neg_34	21_neg_33
21_neg_35	21_neg_34
21_neg_36	21_neg_35
21_neg_37	21_neg_36
21_neg_38	21_neg_37
21_neg_39	21_neg_38
21_neg_40	21_neg_39
21_neg_41	21_neg_40
21_neg_42	21_neg_41
21_neg_43	21_neg_42
21_neg_44	21_neg_43
21_neg_45	21_neg_44
21_neg_46	21_neg_45
21_neg_47	21_neg_46
21_neg_48	21_neg_47
21_neg_49	21_neg_48
21_neg_50	21_neg_49
21_neg_51	21_neg_50
21_neg_52	21_neg_51
21_neg_53	21_neg_52
21_neg_54	21_neg_53
21_neg_55	21_neg_54
21_neg_56	21_neg_55
21_neg_57	21_neg_56
21_neg_58	21_neg_57
21_neg_59	21_neg_58
21_neg_60	21_neg_59
21_neg_61	21_neg_60
22_pos_1	22_pos_0
22_pos_2	22_pos_1
22_pos_3	22_pos_2
22_pos_4	22_pos_3
22_pos_5	22_pos_4
22_pos_6	22_pos_5
22_pos_7	22_pos_6
22_pos_8	22_pos_7
22_pos_9	22_pos_8
22_pos_10	22_pos_9
22_pos_11	22_pos_10
22_pos_12	22_pos_11
22_pos_13	22_pos_12
22_pos_14	22_pos_13
22_pos_15	22_pos_14
22_pos_16	22_pos_15
22_pos_17	22_pos_16
22_pos_18	22_pos_17
22_pos_19	22_pos_18
22_pos_20	22_pos_19
22_pos_21	22_pos_20
22_pos_22	22_pos_21
22_pos_23	22_pos_22
22_pos_24	22_pos_23
22_pos_25	22_pos_24
22_pos_26	22_pos_25
22_pos_27	22_pos_26
22_pos_28	22_pos_27
22_pos_29	22_pos_28
22_pos_30	22_pos_29
22_pos_31	22_pos_30
22_pos_32	22_pos_31
22_pos_33	22_pos_32
22_pos_34	22_pos_33
22_pos_35	22_pos_34
22_pos_36	22_pos_35
22_pos_37	22_pos_36
22_pos_38	22_pos_37
22_pos_39	22_pos_38
22_pos_40	22_pos_39
22_pos_41	22_pos_40
22_pos_42	22_pos_41
22_pos_43	22_pos_42
22_pos_44	22_pos_43
22_pos_45	22_pos_44
22_pos_46	22_pos_45
22_pos_47	22_pos_46
22_pos_48	22_pos_47
22_pos_49	22_pos_48
22_pos_50	22_pos_49
22_pos_51	22_pos_50
22_pos_52	22_pos_51
22_pos_53	22_pos_52
22_pos_54	22_pos_53
22_pos_55	22_pos_54
22_pos_56	22_pos_55
22_pos_57	22_pos_56
22_pos_58	22_pos_57
22_pos_59	22_pos_58
22_pos_60	22_pos_59
23_neg_1	23_neg_0
23_neg_2	23_neg_1
23_neg_3	23_neg_2
23_neg_4	23_neg_3
23_neg_5	23_neg_4
23_neg_6	23_neg_5
23_neg_7	23_neg_6
23_neg_8	23_neg_7
23_neg_9	23_neg_8
23_neg_10	23_neg_9
23_neg_11	23_neg_10
23_neg_12	23_neg_11
23_neg_13	23_neg_12
23_neg_14	23_neg_13
23_neg_15	23_neg_14
23_neg_16	23_neg_15
23_neg_17	23_neg_16
23_neg_18	23_neg_17
23_neg_19	23_neg_18
23_neg_20	23_neg_19
23_neg_21	23_neg_20
23_neg_22	23_neg_21
23_neg_23	23_neg_22
23_neg_24	23_neg_23
23_neg_25	23_neg_24
23_neg_26	23_neg_25
23_neg_27	23_neg_26
23_neg_28	23_neg_27
23_neg_29	23_neg_28
23_neg_30	23_neg_29
23_neg_31	23_neg_30
23_neg_32	23_neg_31
23_neg_33	23_neg_32
23_neg_34	23_neg_33
23_neg_35	23_neg_34
23_neg_36	23_neg_35
23_neg_37	23_neg_36
23_neg_38	23_neg_37
23_neg_39	23_neg_38
23_neg_40	23_neg_39
23_neg_41	23_neg_40
23_neg_42	23_neg_41
23_neg_43	23_neg_42
23_neg_44	23_neg_43
23_neg_45	23_neg_44
23_neg_46	23_neg_45
23_neg_47	23_neg_46
23_neg_48	23_neg_47
23_neg_49	23_neg_48
23_neg_50	23_neg_49
23_neg_51	23_neg_50
23_neg_52	23_neg_51
23_neg_53	23_neg_52
23_neg_54	23_neg_53
23_neg_55	23_neg_54
23_neg_56	23_neg_55
23_neg_57	23_neg_56
23_neg_58	23_neg_57
23_neg_59	23_neg_58
23_neg_60	23_neg_59
23_neg_61	23_neg_60
23_neg_62	23_neg_61
23_neg_63	23_neg_62
23_neg_64	23_neg_63
23_neg_65	23_neg_64
23_neg_66	23_neg_65
24_pos_1	24_pos_0
24_pos_2	24_pos_1
24_pos_3	24_pos_2
24_pos_4	24_pos_3
24_pos_5	24_pos_4
24_pos_6	24_pos_5
24_pos_7	24_pos_6
24_pos_8	24_pos_7
24_pos_9	24_pos_8
24_pos_10	24_pos_9
24_pos_11	24_pos_10
24_pos_12	24_pos_11
24_pos_13	24_pos_12
24_pos_14	24_pos_13
24_pos_15	24_pos_14
24_pos_16	24_pos_15
24_pos_17	24_pos_16
24_pos_18	24_pos_17
24_pos_19	24_pos_18
24_pos_20	24_pos_19
24_pos_21	24_pos_20
24_pos_22	24_pos_21
24_pos_23	24_pos_22
24_pos_24	24_pos_23
24_pos_25	24_pos_24
24_pos_26	24_pos_25
24_pos_27	24_pos_26
24_pos_28	24_pos_27
24_pos_29	24_pos_28
24_pos_30	24_pos_29
24_pos_31	24_pos_30
24_pos_32	24_pos_31
24_pos_33	24_pos_32
24_pos_34	24_pos_33
24_pos_35	24_pos_34
24_pos_36	24_pos_35
24_pos_37	24_pos_36
24_pos_38	24_pos_37
24_pos_39	24_pos_38
24_pos_40	24_pos_39
24_pos_41	24_pos_40
24_pos_42	24_pos_41
24_pos_43	24_pos_42
24_pos_44	24_pos_43
24_pos_45	24_pos_44
24_pos_46	24_pos_45
24_pos_47	24_pos_46
24_pos_48	24_pos_47
24_pos_49	24_pos_48
24_pos_50	24_pos_49
24_pos_51	24_pos_50
24_pos_52	24_pos_51
24_pos_53	24_pos_52
24_pos_54	24_pos_53
24_pos_55	24_pos_54
24_pos_56	24_pos_55
24_pos_57	24_pos_56
24_pos_58	24_pos_57
24_pos_59	24_pos_58
24_pos_60	24_pos_59
24_pos_61	24_pos_60
24_pos_62	24_pos_61
24_pos_63	24_pos_62
24_pos_64	24_pos_63
24_pos_65	24_pos_64
24_pos_66	24_pos_65
24_pos_67	24_pos_66
24_pos_68	24_pos_67
24_pos_69	24_pos_68
24_pos_70	24_pos_69
24_pos_71	24_pos_70
24_pos_72	24_pos_71
25_neg_1	25_neg_0
25_neg_2	25_neg_1
25_neg_3	25_neg_2
25_neg_4	25_neg_3
25_neg_5	25_neg_4
25_neg_6	25_neg_5
25_neg_7	25_neg_6
25_neg_8	25_neg_7
25_neg_9	25_neg_8
25_neg_10	25_neg_9
25_neg_11	25_neg_10
25_neg_12	25_neg_11
25_neg_13	25_neg_12
25_neg_14	25_neg_13
25_neg_15	25_neg_14
25_neg_16	25_neg_15
25_neg_17	25_neg_16
25_neg_18	25_neg_17
25_neg_19	25_neg_18
25_neg_20	25_neg_19
25_neg_21	25_neg_20
25_neg_22	25_neg_21
25_neg_23	25_neg_22
25_neg_24	25_neg_23
25_neg_25	25_neg_24
25_neg_26	25_neg_25
25_neg_27	25_neg_26
25_neg_28	25_neg_27
25_neg_29	25_neg_28
25_neg_30	25_neg_29
25_neg_31	25_neg_30
25_neg_32	25_neg_31
25_neg_33	25_neg_32
25_neg_34	25_neg_33
25_neg_35	25_neg_34
25_neg_36	25_neg_35
25_neg_37	25_neg_36
25_neg_38	25_neg_37
25_neg_39	25_neg_38
25_neg_40	25_neg_39
25_neg_41	25_neg_40
25_neg_42	25_neg_41
25_neg_43	25_neg_42
25_neg_44	25_neg_43
25_neg_45	25_neg_44
25_neg_46	25_neg_45
25_neg_47	25_neg_46
25_neg_48	25_neg_47
25_neg_49	25_neg_48
25_neg_50	25_neg_49
25_neg_51	25_neg_50
25_neg_52	25_neg_51
25_neg_53	25_neg_52
25_neg_54	25_neg_53
25_neg_55	25_neg_54
25_neg_56	25_neg_55
25_neg_57	25_neg_56
25_neg_58	25_neg_57
26_pos_1	26_pos_0
26_pos_2	26_pos_1
26_pos_3	26_pos_2
26_pos_4	26_pos_3
26_pos_5	26_pos_4
26_pos_6	26_pos_5
26_pos_7	26_pos_6
26_pos_8	26_pos_7
26_pos_9	26_pos_8
26_pos_10	26_pos_9
26_pos_11	26_pos_10
26_pos_12	26_pos_11
26_pos_13	26_pos_12
26_pos_14	26_pos_13
26_pos_15	26_pos_14
26_pos_16	26_pos_15
26_pos_17	26_pos_16
26_pos_18	26_pos_17
26_pos_19	26_pos_18
26_pos_20	26_pos_19
26_pos_21	26_pos_20
26_pos_22	26_pos_21
26_pos_23	26_pos_22
26_pos_24	26_pos_23
26_pos_25	26_pos_24
26_pos_26	26_pos_25
26_pos_27	26_pos_26
26_pos_28	26_pos_27
26_pos_29	26_pos_28
26_pos_30	26_pos_29
26_pos_31	26_pos_30
26_pos_32	26_pos_31
26_pos_33	26_pos_32
26_pos_34	26_pos_33
26_pos_35	26_pos_34
26_pos_36	26_pos_35
26_pos_37	26_pos_36
26_pos_38	26_pos_37
26_pos_39	26_pos_38
26_pos_40	26_pos_39
26_pos_41	26_pos_40
26_pos_42	26_pos_41
26_pos_43	26_pos_42
26_pos_44	26_pos_43
26_pos_45	26_pos_44
26_pos_46	26_pos_45
26_pos_47	26_pos_46
26_pos_48	26_pos_47
26_pos_49	26_pos_48
26_pos_50	26_pos_49
26_pos_51	26_pos_50
27_neg_1	27_neg_0
27_neg_2	27_neg_1
27_neg_3	27_neg_2
27_neg_4	27_neg_3
27_neg_5	27_neg_4
27_neg_6	27_neg_5
27_neg_7	27_neg_6
27_neg_8	27_neg_7
27_neg_9	27_neg_8
27_neg_10	27_neg_9
27_neg_11	27_neg_10
27_neg_12	27_neg_11
27_neg_13	27_neg_12
27_neg_14	27_neg_13
27_neg_15	27_neg_14
27_neg_16	27_neg_15
27_neg_17	27_neg_16
27_neg_18	27_neg_17
27_neg_19	27_neg_18
27_neg_20	27_neg_19
27_neg_21	27_neg_20
27_neg_22	27_neg_21
27_neg_23	27_neg_22
27_neg_24	27_neg_23
27_neg_25	27_neg_24
27_neg_26	27_neg_25
27_neg_27	27_neg_26
27_neg_28	27_neg_27
27_neg_29	27_neg_28
27_neg_30	27_neg_29
27_neg_31	27_neg_30
27_neg_32	27_neg_31
27_neg_33	27_neg_32
27_neg_34	27_neg_33
27_neg_35	27_neg_34
27_neg_36	27_neg_35
27_neg_37	27_neg_36
27_neg_38	27_neg_37
27_neg_39	27_neg_38
27_neg_40	27_neg_39
27_neg_41	27_neg_40
27_neg_42	27_neg_41
27_neg_43	27_neg_42
27_neg_44	27_neg_43
27_neg_45	27_neg_44
27_neg_46	27_neg_45
27_neg_47	27_neg_46
27_neg_48	27_neg_47
27_neg_49	27_neg_48
27_neg_50	27_neg_49
28_pos_1	28_pos_0
28_pos_2	28_pos_1
28_pos_3	28_pos_2
28_pos_4	28_pos_3
28_pos_5	28_pos_4
28_pos_6	28_pos_5
28_pos_7	28_pos_6
28_pos_8	28_pos_7
28_pos_9	28_pos_8
28_pos_10	28_pos_9
28_pos_11	28_pos_10
28_pos_12	28_pos_11
28_pos_13	28_pos_12
28_pos_14	28_pos_13
28_pos_15	28_pos_14
28_pos_16	28_pos_15
28_pos_17	28_pos_16
28_pos_18	28_pos_17
28_pos_19	28_pos_18
28_pos_20	28_pos_19
28_pos_21	28_pos_20
28_pos_22	28_pos_21
28_pos_23	28_pos_22
28_pos_24	28_pos_23
28_pos_25	28_pos_24
28_pos_26	28_pos_25
28_pos_27	28_pos_26
28_pos_28	28_pos_27
28_pos_29	28_pos_28
28_pos_30	28_pos_29
28_pos_31	28_pos_30
28_pos_32	28_pos_31
28_pos_33	28_pos_32
28_pos_34	28_pos_33
28_pos_35	28_pos_34
28_pos_36	28_pos_35
28_pos_37	28_pos_36
28_pos_38	28_pos_37
28_pos_39	28_pos_38
28_pos_40	28_pos_39
28_pos_41	28_pos_40
28_pos_42	28_pos_41
28_pos_43	28_pos_42
28_pos_44	28_pos_43
28_pos_45	28_pos_44
28_pos_46	28_pos_45
28_pos_47	28_pos_46
28_pos_48	28_pos_47
28_pos_49	28_pos_48
28_pos_50	28_pos_49
28_pos_51	28_pos_50
28_pos_52	28_pos_51
28_pos_53	28_pos_52
28_pos_54	28_pos_53
28_pos_55	28_pos_54
28_pos_56	28_pos_55
28_pos_57	28_pos_56
28_pos_58	28_pos_57
28_pos_59	28_pos_58
28_pos_60	28_pos_59
28_pos_61	28_pos_60
28_pos_62	28_pos_61
28_pos_63	28_pos_62
28_pos_64	28_pos_63
28_pos_65	28_pos_64
28_pos_66	28_pos_65
28_pos_67	28_pos_66
28_pos_68	28_pos_67
28_pos_69	28_pos_68
28_pos_70	28_pos_69
28_pos_71	28_pos_70
28_pos_72	28_pos_71
28_pos_73	28_pos_72
28_pos_74	28_pos_73
28_pos_75	28_pos_74
28_pos_76	28_pos_75
28_pos_77	28_pos_76
28_pos_78	28_pos_77
28_pos_79	28_pos_78
28_pos_80	28_pos_79
28_pos_81	28_pos_80
28_pos_82	28_pos_81
28_pos_83	28_pos_82
28_pos_84	28_pos_83
28_pos_85	28_pos_84
28_pos_86	28_pos_85
28_pos_87	28_pos_86
28_pos_88	28_pos_87
28_pos_89	28_pos_88
28_pos_90	28_pos_89
28_pos_91	28_pos_90
28_pos_92	28_pos_91
28_pos_93	28_pos_92
28_pos_94	28_pos_93
28_pos_95	28_pos_94
28_pos_96	28_pos_95
29_neg_1	29_neg_0
29_neg_2	29_neg_1
29_neg_3	29_neg_2
29_neg_4	29_neg_3
29_neg_5	29_neg_4
29_neg_6	29_neg_5
29_neg_7	29_neg_6
29_neg_8	29_neg_7
29_neg_9	29_neg_8
29_neg_10	29_neg_9
29_neg_11	29_neg_10
29_neg_12	29_neg_11
29_neg_13	29_neg_12
29_neg_14	29_neg_13
29_neg_15	29_neg_14
29_neg_16	29_neg_15
29_neg_17	29_neg_16
29_neg_18	29_neg_17
29_neg_19	29_neg_18
29_neg_20	29_neg_19
29_neg_21	29_neg_20
29_neg_22	29_neg_21
29_neg_23	29_neg_22
29_neg_24	29_neg_23
29_neg_25	29_neg_24
29_neg_26	29_neg_25
29_neg_27	29_neg_26
29_neg_28	29_neg_27
29_neg_29	29_neg_28
29_neg_30	29_neg_29
29_neg_31	29_neg_30
29_neg_32	29_neg_31
29_neg_33	29_neg_32
29_neg_34	29_neg_33
29_neg_35	29_neg_34
29_neg_36	29_neg_35
29_neg_37	29_neg_36
29_neg_38	29_neg_37
29_neg_39	29_neg_38
29_neg_40	29_neg_39
29_neg_41	29_neg_40
29_neg_42	29_neg_41
29_neg_43	29_neg_42
29_neg_44	29_neg_43
29_neg_45	29_neg_44
29_neg_46	29_neg_45
29_neg_47	29_neg_46
29_neg_48	29_neg_47
29_neg_49	29_neg_48
29_neg_50	29_neg_49
29_neg_51	29_neg_50
29_neg_52	29_neg_51
29_neg_53	29_neg_52
29_neg_54	29_neg_53
29_neg_55	29_neg_54
29_neg_56	29_neg_55
29_neg_57	29_neg_56
29_neg_58	29_neg_57
29_neg_59	29_neg_58
29_neg_60	29_neg_59
29_neg_61	29_neg_60
29_neg_62	29_neg_61
29_neg_63	29_neg_62
29_neg_64	29_neg_63
29_neg_65	29_neg_64
29_neg_66	29_neg_65
29_neg_67	29_neg_66
29_neg_68	29_neg_67
29_neg_69	29_neg_68
29_neg_70	29_neg_69
29_neg_71	29_neg_70
29_neg_72	29_neg_71
29_neg_73	29_neg_72
29_neg_74	29_neg_73
29_neg_75	29_neg_74
29_neg_76	29_neg_75
29_neg_77	29_neg_76
29_neg_78	29_neg_77
29_neg_79	29_neg_78
29_neg_80	29_neg_79
29_neg_81	29_neg_80
29_neg_82	29_neg_81
29_neg_83	29_neg_82
29_neg_84	29_neg_83
29_neg_85	29_neg_84
29_neg_86	29_neg_85
29_neg_87	29_neg_86
29_neg_88	29_neg_87
30_pos_1	30_pos_0
30_pos_2	30_pos_1
30_pos_3	30_pos_2
30_pos_4	30_pos_3
30_pos_5	30_pos_4
30_pos_6	30_pos_5
30_pos_7	30_pos_6
30_pos_8	30_pos_7
30_pos_9	30_pos_8
30_pos_10	30_pos_9
30_pos_11	30_pos_10
30_pos_12	30_pos_11
30_pos_13	30_pos_12
30_pos_14	30_pos_13
30_pos_15	30_pos_14
30_pos_16	30_pos_15
30_pos_17	30_pos_16
30_pos_18	30_pos_17
30_pos_19	30_pos_18
30_pos_20	30_pos_19
30_pos_21	30_pos_20
30_pos_22	30_pos_21
30_pos_23	30_pos_22
30_pos_24	30_pos_23
30_pos_25	30_pos_24
30_pos_26	30_pos_25
30_pos_27	30_pos_26
30_pos_28	30_pos_27
30_pos_29	30_pos_28
30_pos_30	30_pos_29
30_pos_31	30_pos_30
30_pos_32	30_pos_31
30_pos_33	30_pos_32
30_pos_34	30_pos_33
30_pos_35	30_pos_34
30_pos_36	30_pos_35
30_pos_37	30_pos_36
30_pos_38	30_pos_37
30_pos_39	30_pos_38
30_pos_40	30_pos_39
30_pos_41	30_pos_40
30_pos_42	30_pos_41
30_pos_43	30_pos_42
30_pos_44	30_pos_43
30_pos_45	30_pos_44
30_pos_46	30_pos_45
30_pos_47	30_pos_46
30_pos_48	30_pos_47
30_pos_49	30_pos_48
30_pos_50	30_pos_49
30_pos_51	30_pos_50
30_pos_52	30_pos_51
30_pos_53	30_pos_52
30_pos_54	30_pos_53
30_pos_55	30_pos_54
30_pos_56	30_pos_55
30_pos_57	30_pos_56
30_pos_58	30_pos_57
30_pos_59	30_pos_58
30_pos_60	30_pos_59
30_pos_61	30_pos_60
30_pos_62	30_pos_61
30_pos_63	30_pos_62
30_pos_64	30_pos_63
31_neg_1	31_neg_0
31_neg_2	31_neg_1
31_neg_3	31_neg_2
31_neg_4	31_neg_3
31_neg_5	31_neg_4
31_neg_6	31_neg_5
31_neg_7	31_neg_6
31_neg_8	31_neg_7
31_neg_9	31_neg_8
31_neg_10	31_neg_9
31_neg_11	31_neg_10
31_neg_12	31_neg_11
31_neg_13	31_neg_12
31_neg_14	31_neg_13
31_neg_15	31_neg_14
31_neg_16	31_neg_15
31_neg_17	31_neg_16
31_neg_18	31_neg_17
31_neg_19	31_neg_18
31_neg_20	31_neg_19
31_neg_21	31_neg_20
31_neg_22	31_neg_21
31_neg_23	31_neg_22
31_neg_24	31_neg_23
31_neg_25	31_neg_24
31_neg_26	31_neg_25
31_neg_27	31_neg_26
31_neg_28	31_neg_27
31_neg_29	31_neg_28
31_neg_30	31_neg_29
31_neg_31	31_neg_30
31_neg_32	31_neg_31
31_neg_33	31_neg_32
31_neg_34	31_neg_33
31_neg_35	31_neg_34
31_neg_36	31_neg_35
31_neg_37	31_neg_36
31_neg_38	31_neg_37
31_neg_39	31_neg_38
31_neg_40	31_neg_39
31_neg_41	31_neg_40
31_neg_42	31_neg_41
31_neg_43	31_neg_42
31_neg_44	31_neg_43
31_neg_45	31_neg_44
31_neg_46	31_neg_45
31_neg_47	31_neg_46
31_neg_48	31_neg_47
31_neg_49	31_neg_48
31_neg_50	31_neg_49
31_neg_51	31_neg_50
31_neg_52	31_neg_51
31_neg_53	31_neg_52
31_neg_54	31_neg_53
31_neg_55	31_neg_54
31_neg_56	31_neg_55
31_neg_57	31_neg_56
31_neg_58	31_neg_57
31_neg_59	31_neg_58
31_neg_60	31_neg_59
31_neg_61	31_neg_60
31_neg_62	31_neg_61
31_neg_63	31_neg_62
31_neg_64	31_neg_63
31_neg_65	31_neg_64
31_neg_66	31_neg_65
31_neg_67	31_neg_66
31_neg_68	31_neg_67
31_neg_69	31_neg_68
31_neg_70	31_neg_69
31_neg_71	31_neg_70
31_neg_72	31_neg_71
31_neg_73	31_neg_72
31_neg_74	31_neg_73
31_neg_75	31_neg_74
31_neg_76	31_neg_75
31_neg_77	31_neg_76
31_neg_78	31_neg_77
31_neg_79	31_neg_78
31_neg_80	31_neg_79
31_neg_81	31_neg_80
31_neg_82	31_neg_81
31_neg_83	31_neg_82
31_neg_84	31_neg_83
31_neg_85	31_neg_84
31_neg_86	31_neg_85
31_neg_87	31_neg_86
31_neg_88	31_neg_87
31_neg_89	31_neg_88
31_neg_90	31_neg_89
31_neg_91	31_neg_90
32_pos_1	32_pos_0
32_pos_2	32_pos_1
32_pos_3	32_pos_2
32_pos_4	32_pos_3
32_pos_5	32_pos_4
32_pos_6	32_pos_5
32_pos_7	32_pos_6
32_pos_8	32_pos_7
32_pos_9	32_pos_8
32_pos_10	32_pos_9
32_pos_11	32_pos_10
32_pos_12	32_pos_11
32_pos_13	32_pos_12
32_pos_14	32_pos_13
32_pos_15	32_pos_14
32_pos_16	32_pos_15
32_pos_17	32_pos_16
32_pos_18	32_pos_17
32_pos_19	32_pos_18
32_pos_20	32_pos_19
32_pos_21	32_pos_20
32_pos_22	32_pos_21
32_pos_23	32_pos_22
32_pos_24	32_pos_23
32_pos_25	32_pos_24
32_pos_26	32_pos_25
32_pos_27	32_pos_26
32_pos_28	32_pos_27
32_pos_29	32_pos_28
32_pos_30	32_pos_29
32_pos_31	32_pos_30
32_pos_32	32_pos_31
32_pos_33	32_pos_32
32_pos_34	32_pos_33
32_pos_35	32_pos_34
32_pos_36	32_pos_35
32_pos_37	32_pos_36
32_pos_38	32_pos_37
32_pos_39	32_pos_38
32_pos_40	32_pos_39
32_pos_41	32_pos_40
32_pos_42	32_pos_41
32_pos_43	32_pos_42
32_pos_44	32_pos_43
32_pos_45	32_pos_44
32_pos_46	32_pos_45
32_pos_47	32_pos_46
32_pos_48	32_pos_47
32_pos_49	32_pos_48
32_pos_50	32_pos_49
32_pos_51	32_pos_50
32_pos_52	32_pos_51
32_pos_53	32_pos_52
32_pos_54	32_pos_53
32_pos_55	32_pos_54
32_pos_56	32_pos_55
32_pos_57	32_pos_56
32_pos_58	32_pos_57
32_pos_59	32_pos_58
32_pos_60	32_pos_59
32_pos_61	32_pos_60
32_pos_62	32_pos_61
32_pos_63	32_pos_62
32_pos_64	32_pos_63
32_pos_65	32_pos_64
32_pos_66	32_pos_65
32_pos_67	32_pos_66
32_pos_68	32_pos_67
32_pos_69	32_pos_68
32_pos_70	32_pos_69
32_pos_71	32_pos_70
32_pos_72	32_pos_71
32_pos_73	32_pos_72
32_pos_74	32_pos_73
32_pos_75	32_pos_74
32_pos_76	32_pos_75
32_pos_77	32_pos_76
32_pos_78	32_pos_77
32_pos_79	32_pos_78
32_pos_80	32_pos_79
32_pos_81	32_pos_80
32_pos_82	32_pos_81
32_pos_83	32_pos_82
32_pos_84	32_pos_83
32_pos_85	32_pos_84
32_pos_86	32_pos_85
32_pos_87	32_pos_86
32_pos_88	32_pos_87
32_pos_89	32_pos_88
32_pos_90	32_pos_89
32_pos_91	32_pos_90
32_pos_92	32_pos_91
32_pos_93	32_pos_92
32_pos_94	32_pos_93
32_pos_95	32_pos_94
32_pos_96	32_pos_95
32_pos_97	32_pos_96
33_neg_1	33_neg_0
33_neg_2	33_neg_1
33_neg_3	33_neg_2
33_neg_4	33_neg_3
33_neg_5	33_neg_4
33_neg_6	33_neg_5
33_neg_7	33_neg_6
33_neg_8	33_neg_7
33_neg_9	33_neg_8
33_neg_10	33_neg_9
33_neg_11	33_neg_10
33_neg_12	33_neg_11
33_neg_13	33_neg_12
33_neg_14	33_neg_13
33_neg_15	33_neg_14
33_neg_16	33_neg_15
33_neg_17	33_neg_16
33_neg_18	33_neg_17
33_neg_19	33_neg_18
33_neg_20	33_neg_19
33_neg_21	33_neg_20
33_neg_22	33_neg_21
33_neg_23	33_neg_22
33_neg_24	33_neg_23
33_neg_25	33_neg_24
33_neg_26	33_neg_25
33_neg_27	33_neg_26
33_neg_28	33_neg_27
33_neg_29	33_neg_28
33_neg_30	33_neg_29
33_neg_31	33_neg_30
33_neg_32	33_neg_31
33_neg_33	33_neg_32
33_neg_34	33_neg_33
33_neg_35	33_neg_34
33_neg_36	33_neg_35
33_neg_37	33_neg_36
33_neg_38	33_neg_37
33_neg_39	33_neg_38
33_neg_40	33_neg_39
33_neg_41	33_neg_40
33_neg_42	33_neg_41
33_neg_43	33_neg_42
33_neg_44	33_neg_43
33_neg_45	33_neg_44
33_neg_46	33_neg_45
33_neg_47	33_neg_46
33_neg_48	33_neg_47
33_neg_49	33_neg_48
33_neg_50	33_neg_49
33_neg_51	33_neg_50
33_neg_52	33_neg_51
33_neg_53	33_neg_52
33_neg_54	33_neg_53
33_neg_55	33_neg_54
33_neg_56	33_neg_55
33_neg_57	33_neg_56
33_neg_58	33_neg_57
33_neg_59	33_neg_58
33_neg_60	33_neg_59
33_neg_61	33_neg_60
33_neg_62	33_neg_61
33_neg_63	33_neg_62
33_neg_64	33_neg_63
33_neg_65	33_neg_64
33_neg_66	33_neg_65
33_neg_67	33_neg_66
33_neg_68	33_neg_67
33_neg_69	33_neg_68
33_neg_70	33_neg_69
33_neg_71	33_neg_70
33_neg_72	33_neg_71
33_neg_73	33_neg_72
33_neg_74	33_neg_73
34_pos_1	34_pos_0
34_pos_2	34_pos_1
34_pos_3	34_pos_2
34_pos_4	34_pos_3
34_pos_5	34_pos_4
34_pos_6	34_pos_5
34_pos_7	34_pos_6
34_pos_8	34_pos_7
34_pos_9	34_pos_8
34_pos_10	34_pos_9
34_pos_11	34_pos_10
34_pos_12	34_pos_11
34_pos_13	34_pos_12
34_pos_14	34_pos_13
34_pos_15	34_pos_14
34_pos_16	34_pos_15
34_pos_17	34_pos_16
34_pos_18	34_pos_17
34_pos_19	34_pos_18
34_pos_20	34_pos_19
34_pos_21	34_pos_20
34_pos_22	34_pos_21
34_pos_23	34_pos_22
34_pos_24	34_pos_23
34_pos_25	34_pos_24
34_pos_26	34_pos_25
34_pos_27	34_pos_26
34_pos_28	34_pos_27
34_pos_29	34_pos_28
34_pos_30	34_pos_29
34_pos_31	34_pos_30
34_pos_32	34_pos_31
34_pos_33	34_pos_32
34_pos_34	34_pos_33
34_pos_35	34_pos_34
34_pos_36	34_pos_35
34_pos_37	34_pos_36
34_pos_38	34_pos_37
34_pos_39	34_pos_38
34_pos_40	34_pos_39
34_pos_41	34_pos_40
34_pos_42	34_pos_41
34_pos_43	34_pos_42
34_pos_44	34_pos_43
34_pos_45	34_pos_44
34_pos_46	34_pos_45
34_pos_47	34_pos_46
34_pos_48	34_pos_47
34_pos_49	34_pos_48
34_pos_50	34_pos_49
34_pos_51	34_pos_50
34_pos_52	34_pos_51
34_pos_53	34_pos_52
34_pos_54	34_pos_53
34_pos_55	34_pos_54
34_pos_56	34_pos_55
34_pos_57	34_pos_56
34_pos_58	34_pos_57
34_pos_59	34_pos_58
34_pos_60	34_pos_59
34_pos_61	34_pos_60
34_pos_62	34_pos_61
34_pos_63	34_pos_62
34_pos_64	34_pos_63
34_pos_65	34_pos_64
34_pos_66	34_pos_65
34_pos_67	34_pos_66
34_pos_68	34_pos_67
34_pos_69	34_pos_68
34_pos_70	34_pos_69
34_pos_71	34_pos_70
34_pos_72	34_pos_71
35_neg_1	35_neg_0
35_neg_2	35_neg_1
35_neg_3	35_neg_2
35_neg_4	35_neg_3
35_neg_5	35_neg_4
35_neg_6	35_neg_5
35_neg_7	35_neg_6
35_neg_8	35_neg_7
35_neg_9	35_neg_8
35_neg_10	35_neg_9
35_neg_11	35_neg_10
35_neg_12	35_neg_11
35_neg_13	35_neg_12
35_neg_14	35_neg_13
35_neg_15	35_neg_14
35_neg_16	35_neg_15
35_neg_17	35_neg_16
35_neg_18	35_neg_17
35_neg_19	35_neg_18
35_neg_20	35_neg_19
35_neg_21	35_neg_20
35_neg_22	35_neg_21
35_neg_23	35_neg_22
35_neg_24	35_neg_23
35_neg_25	35_neg_24
35_neg_26	35_neg_25
35_neg_27	35_neg_26
35_neg_28	35_neg_27
35_neg_29	35_neg_28
35_neg_30	35_neg_29
35_neg_31	35_neg_30
35_neg_32	35_neg_31
35_neg_33	35_neg_32
35_neg_34	35_neg_33
35_neg_35	35_neg_34
35_neg_36	35_neg_35
35_neg_37	35_neg_36
35_neg_38	35_neg_37
35_neg_39	35_neg_38
35_neg_40	35_neg_39
35_neg_41	35_neg_40
35_neg_42	35_neg_41
35_neg_43	35_neg_42
35_neg_44	35_neg_43
35_neg_45	35_neg_44
35_neg_46	35_neg_45
35_neg_47	35_neg_46
35_neg_48	35_neg_47
35_neg_49	35_neg_48
35_neg_50	35_neg_49
35_neg_51	35_neg_50
35_neg_52	35_neg_51
35_neg_53	35_neg_52
35_neg_54	35_neg_53
35_neg_55	35_neg_54
35_neg_56	35_neg_55
35_neg_57	35_neg_56
35_neg_58	35_neg_57
35_neg_59	35_neg_58
35_neg_60	35_neg_59
35_neg_61	35_neg_60
35_neg_62	35_neg_61
35_neg_63	35_neg_62
35_neg_64	35_neg_63
35_neg_65	35_neg_64
35_neg_66	35_neg_65
35_neg_67	35_neg_66
35_neg_68	35_neg_67
36_pos_1	36_pos_0
36_pos_2	36_pos_1
36_pos_3	36_pos_2
36_pos_4	36_pos_3
36_pos_5	36_pos_4
36_pos_6	36_pos_5
36_pos_7	36_pos_6
36_pos_8	36_pos_7
36_pos_9	36_pos_8
36_pos_10	36_pos_9
36_pos_11	36_pos_10
36_pos_12	36_pos_11
36_pos_13	36_pos_12
36_pos_14	36_pos_13
36_pos_15	36_pos_14
36_pos_16	36_pos_15
36_pos_17	36_pos_16
36_pos_18	36_pos_17
36_pos_19	36_pos_18
36_pos_20	36_pos_19
36_pos_21	36_pos_20
36_pos_22	36_pos_21
36_pos_23	36_pos_22
36_pos_24	36_pos_23
36_pos_25	36_pos_24
36_pos_26	36_pos_25
36_pos_27	36_pos_26
36_pos_28	36_pos_27
36_pos_29	36_pos_28
36_pos_30	36_pos_29
36_pos_31	36_pos_30
36_pos_32	36_pos_31
36_pos_33	36_pos_32
36_pos_34	36_pos_33
36_pos_35	36_pos_34
36_pos_36	36_pos_35
36_pos_37	36_pos_36
36_pos_38	36_pos_37
36_pos_39	36_pos_38
36_pos_40	36_pos_39
36_pos_41	36_pos_40
36_pos_42	36_pos_41
36_pos_43	36_pos_42
36_pos_44	36_pos_43
36_pos_45	36_pos_44
36_pos_46	36_pos_45
36_pos_47	36_pos_46
36_pos_48	36_pos_47
36_pos_49	36_pos_48
36_pos_50	36_pos_49
36_pos_51	36_pos_50
36_pos_52	36_pos_51
36_pos_53	36_pos_52
36_pos_54	36_pos_53
36_pos_55	36_pos_54
36_pos_56	36_pos_55
36_pos_57	36_pos_56
36_pos_58	36_pos_57
36_pos_59	36_pos_58
36_pos_60	36_pos_59
36_pos_61	36_pos_60
36_pos_62	36_pos_61
36_pos_63	36_pos_62
36_pos_64	36_pos_63
36_pos_65	36_pos_64
36_pos_66	36_pos_65
36_pos_67	36_pos_66
36_pos_68	36_pos_67
36_pos_69	36_pos_68
36_pos_70	36_pos_69
36_pos_71	36_pos_70
36_pos_72	36_pos_71
36_pos_73	36_pos_72
36_pos_74	36_pos_73
36_pos_75	36_pos_74
37_neg_1	37_neg_0
37_neg_2	37_neg_1
37_neg_3	37_neg_2
37_neg_4	37_neg_3
37_neg_5	37_neg_4
37_neg_6	37_neg_5
37_neg_7	37_neg_6
37_neg_8	37_neg_7
37_neg_9	37_neg_8
37_neg_10	37_neg_9
37_neg_11	37_neg_10
37_neg_12	37_neg_11
37_neg_13	37_neg_12
37_neg_14	37_neg_13
37_neg_15	37_neg_14
37_neg_16	37_neg_15
37_neg_17	37_neg_16
37_neg_18	37_neg_17
37_neg_19	37_neg_18
37_neg_20	37_neg_19
37_neg_21	37_neg_20
37_neg_22	37_neg_21
37_neg_23	37_neg_22
37_neg_24	37_neg_23
37_neg_25	37_neg_24
37_neg_26	37_neg_25
37_neg_27	37_neg_26
37_neg_28	37_neg_27
37_neg_29	37_neg_28
37_neg_30	37_neg_29
37_neg_31	37_neg_30
37_neg_32	37_neg_31
37_neg_33	37_neg_32
37_neg_34	37_neg_33
37_neg_35	37_neg_34
37_neg_36	37_neg_35
37_neg_37	37_neg_36
37_neg_38	37_neg_37
37_neg_39	37_neg_38
37_neg_40	37_neg_39
37_neg_41	37_neg_40
37_neg_42	37_neg_41
37_neg_43	37_neg_42
37_neg_44	37_neg_43
37_neg_45	37_neg_44
37_neg_46	37_neg_45
37_neg_47	37_neg_46
37_neg_48	37_neg_47
37_neg_49	37_neg_48
37_neg_50	37_neg_49
37_neg_51	37_neg_50
37_neg_52	37_neg_51
37_neg_53	37_neg_52
37_neg_54	37_neg_53
37_neg_55	37_neg_54
37_neg_56	37_neg_55
37_neg_57	37_neg_56
37_neg_58	37_neg_57
37_neg_59	37_neg_58
37_neg_60	37_neg_59
37_neg_61	37_neg_60
37_neg_62	37_neg_61
37_neg_63	37_neg_62
37_neg_64	37_neg_63
37_neg_65	37_neg_64
37_neg_66	37_neg_65
37_neg_67	37_neg_66
37_neg_68	37_neg_67
37_neg_69	37_neg_68
37_neg_70	37_neg_69
37_neg_71	37_neg_70
37_neg_72	37_neg_71
37_neg_73	37_neg_72
38_pos_1	38_pos_0
38_pos_2	38_pos_1
38_pos_3	38_pos_2
38_pos_4	38_pos_3
38_pos_5	38_pos_4
38_pos_6	38_pos_5
38_pos_7	38_pos_6
38_pos_8	38_pos_7
38_pos_9	38_pos_8
38_pos_10	38_pos_9
38_pos_11	38_pos_10
38_pos_12	38_pos_11
38_pos_13	38_pos_12
38_pos_14	38_pos_13
38_pos_15	38_pos_14
38_pos_16	38_pos_15
38_pos_17	38_pos_16
38_pos_18	38_pos_17
38_pos_19	38_pos_18
38_pos_20	38_pos_19
38_pos_21	38_pos_20
38_pos_22	38_pos_21
38_pos_23	38_pos_22
38_pos_24	38_pos_23
38_pos_25	38_pos_24
38_pos_26	38_pos_25
38_pos_27	38_pos_26
38_pos_28	38_pos_27
38_pos_29	38_pos_28
38_pos_30	38_pos_29
38_pos_31	38_pos_30
38_pos_32	38_pos_31
38_pos_33	38_pos_32
38_pos_34	38_pos_33
38_pos_35	38_pos_34
38_pos_36	38_pos_35
38_pos_37	38_pos_36
38_pos_38	38_pos_37
38_pos_39	38_pos_38
38_pos_40	38_pos_39
38_pos_41	38_pos_40
38_pos_42	38_pos_41
38_pos_43	38_pos_42
38_pos_44	38_pos_43
38_pos_45	38_pos_44
38_pos_46	38_pos_45
38_pos_47	38_pos_46
38_pos_48	38_pos_47
38_pos_49	38_pos_48
38_pos_50	38_pos_49
38_pos_51	38_pos_50
38_pos_52	38_pos_51
38_pos_53	38_pos_52
38_pos_54	38_pos_53
38_pos_55	38_pos_54
38_pos_56	38_pos_55
38_pos_57	38_pos_56
38_pos_58	38_pos_57
38_pos_59	38_pos_58
38_pos_60	38_pos_59
38_pos_61	38_pos_60
38_pos_62	38_pos_61
38_pos_63	38_pos_62
38_pos_64	38_pos_63
38_pos_65	38_pos_64
38_pos_66	38_pos_65
38_pos_67	38_pos_66
38_pos_68	38_pos_67
38_pos_69	38_pos_68
38_pos_70	38_pos_69
38_pos_71	38_pos_70
38_pos_72	38_pos_71
38_pos_73	38_pos_72
38_pos_74	38_pos_73
38_pos_75	38_pos_74
38_pos_76	38_pos_75
38_pos_77	38_pos_76
39_neg_1	39_neg_0
39_neg_2	39_neg_1
39_neg_3	39_neg_2
39_neg_4	39_neg_3
39_neg_5	39_neg_4
39_neg_6	39_neg_5
39_neg_7	39_neg_6
39_neg_8	39_neg_7
39_neg_9	39_neg_8
39_neg_10	39_neg_9
39_neg_11	39_neg_10
39_neg_12	39_neg_11
39_neg_13	39_neg_12
39_neg_14	39_neg_13
39_neg_15	39_neg_14
39_neg_16	39_neg_15
39_neg_17	39_neg_16
39_neg_18	39_neg_17
39_neg_19	39_neg_18
39_neg_20	39_neg_19
39_neg_21	39_neg_20
39_neg_22	39_neg_21
39_neg_23	39_neg_22
39_neg_24	39_neg_23
39_neg_25	39_neg_24
39_neg_26	39_neg_25
39_neg_27	39_neg_26
39_neg_28	39_neg_27
39_neg_29	39_neg_28
39_neg_30	39_neg_29
39_neg_31	39_neg_30
39_neg_32	39_neg_31
39_neg_33	39_neg_32
39_neg_34	39_neg_33
39_neg_35	39_neg_34
39_neg_36	39_neg_35
39_neg_37	39_neg_36
39_neg_38	39_neg_37
39_neg_39	39_neg_38
39_neg_40	39_neg_39
39_neg_41	39_neg_40
39_neg_42	39_neg_41
39_neg_43	39_neg_42
39_neg_44	39_neg_43
39_neg_45	39_neg_44
39_neg_46	39_neg_45
39_neg_47	39_neg_46
39_neg_48	39_neg_47
39_neg_49	39_neg_48
39_neg_50	39_neg_49
39_neg_51	39_neg_50
39_neg_52	39_neg_51
39_neg_53	39_neg_52
39_neg_54	39_neg_53
39_neg_55	39_neg_54
39_neg_56	39_neg_55
39_neg_57	39_neg_56
39_neg_58	39_neg_57
39_neg_59	39_neg_58
39_neg_60	39_neg_59
39_neg_61	39_neg_60
39_neg_62	39_neg_61
39_neg_63	39_neg_62
39_neg_64	39_neg_63
39_neg_65	39_neg_64
39_neg_66	39_neg_65
39_neg_67	39_neg_66
39_neg_68	39_neg_67
39_neg_69	39_neg_68
39_neg_70	39_neg_69
39_neg_71	39_neg_70
39_neg_72	39_neg_71
39_neg_73	39_neg_72
39_neg_74	39_neg_73
39_neg_75	39_neg_74
39_neg_76	39_neg_75
39_neg_77	39_neg_76
39_neg_78	39_neg_77
39_neg_79	39_neg_78
39_neg_80	39_neg_79
39_neg_81	39_neg_80
39_neg_82	39_neg_81
39_neg_83	39_neg_82
39_neg_84	39_neg_83
39_neg_85	39_neg_84
39_neg_86	39_neg_85
39_neg_87	39_neg_86
